Time_Var,Sensor1_Var,Sensor2_Var,Sensor3_Var,Time_Mean,Sensor1_Mean,Sensor2_Mean,Sensor3_Mean,Time_Kurt,Sensor1_Kurt,Sensor2_Kurt,Sensor3_Kurt,Time_Skew,Sensor1_Skew,Sensor2_Skew,Sensor3_Skew,Time_Max,Sensor1_Max,Sensor2_Max,Sensor3_Max,Time_Min,Sensor1_Min,Sensor2_Min,Sensor3_Min,Time_Median,Sensor1_Median,Sensor2_Median,Sensor3_Median,Time_Std,Sensor1_Std,Sensor2_Std,Sensor3_Std,Activity
4205337708271.831,2.4080709797084157e+32,3.209707798116129e+32,1.467813316185805e+32,3492429.146067416,1.664423709558641e+16,-2732190974433442.0,1.0929673042833138e+16,-1.2000001426684546,-0.7580715151188349,1.5942136023081939,15.707991327429227,-8.051159191490411e-07,0.6566100261053596,0.3055250971985585,3.879465911117231,6984856,62230000495910645,54999999701976776,74120001792907715,0,3375,-50999999046325684,109399995803833,3492430.0,5534999847412109.0,-3240000009536743.0,8654999732971191.0,2050692.0071702213,1.5517960496497004e+16,1.791565739267228e+16,1.2115334564863676e+16,down
5197566984180.561,2.5391518840117848e+32,1.9745211534978572e+32,1.7034473812726834e+32,3889279.898989899,1.4048034280719178e+16,1913819210005529.5,1.0960970652705578e+16,-1.1999999150891305,1.1994110174749162,1.935827543195563,14.469971689959031,-2.743916451195024e-07,1.459939283198581,-0.032824913153983074,3.824709639410646,7778559,67829999923706055,42500001192092896,74629998207092285,0,175600004196167,-45100000500679016,7875,3889280.0,5729000091552734.0,860000029206276.0,8842000007629395.0,2279817.313773312,1.5934716451860024e+16,1.4051765559878436e+16,1.3051618218721706e+16,down
6882854272907.208,1.6761420821871585e+32,3.5716871044819446e+32,1.4917757652527114e+32,4484581.201754386,1.045502363730941e+16,-1245315742205108.8,1.0390643457948204e+16,-1.1999999046342955,4.0060819304361175,1.3235071609077793,13.076067376512764,9.532809194591748e-07,2.0805931577283023,0.37878114546367353,3.5119543254599686,8969165,57129998207092285,52000001072883606,70960001945495605,0,-6140000224113464,-47699999809265137,90,4484579.5,5194999933242798.0,-1812000036239624.0,8463999748229980.0,2623519.443973535,1.2946590602112814e+16,1.8898907652247904e+16,1.221382726770242e+16,down
5197602826844.285,2.621903899812956e+32,1.8617817400405266e+32,1.6942235027046413e+32,3889292.8585858587,1.3082511152763566e+16,-3331707112641637.0,1.0317341941583036e+16,-1.2000001794857846,3.9764926285059277,1.308514159454658,17.7345512433474,-1.7941291761909877e-07,2.06633954247095,-0.8638841716112453,4.110672738091124,7778585,76529998779296875,23199999332427979,79730000495910645,0,-4749999940395355,-47699999809265137,124350004196167,3889293.0,5515999794006348.0,-820000022649765.0,8369999885559082.0,2279825.1746228887,1.6192294154359216e+16,1.3644712309317946e+16,1.3016234104781004e+16,down
6882867754405.767,2.1325006259215047e+32,2.935531698296503e+32,2.2074365557441174e+32,4484586.403508772,1.244345003993893e+16,-3840806090125912.0,1.1988231973397114e+16,-1.1999999025204704,2.981807317552716,1.3451766577146969,10.03764747524022,3.0957432076357716e-07,1.8552892959441276,-0.02901653238814882,3.252542293657317,8969174,69079999923706055,49000000953674316,74670000076293945,0,725,-54999999701976776,110,4484585.5,5626499891281128.0,-3774999976158142.0,8421500205993652.0,2623522.0133259348,1.460308400962449e+16,1.7133393412562798e+16,1.4857444449649198e+16,down
7375377768622.227,2.246181606660177e+32,2.6698116287330537e+32,8.671711868382231e+31,3329296.406926407,1.3047675741931576e+16,20347159297826.215,9004978161271061.0,-1.0256606563175192,1.7127414636123897,1.1793123687194935,35.29472344422277,0.6615754119611901,1.5886502657410346,-0.09336924430666645,5.508327976495889,8373877,64070000648498535,47099998593330383,78480000495910645,0,-8529999852180481,-48399999737739563,575,2281983.0,5638000011444092.0,1120000034570694.0,8494999885559082.0,2715764.6747504147,1.4987266617566316e+16,1.6339558221485224e+16,9312202676264210.0,down
7248284675076.775,3.0215623184979624e+32,2.0213000344868822e+32,1.4698098032075613e+32,4603649.88034188,1.491727993614654e+16,2579040170893964.0,9426026085177104.0,-1.1999994933821394,2.0509664424857093,2.3575818815851584,22.05682538415187,6.438658185030755e-07,1.6539731910357829,-0.09586597235435633,4.560491324676826,9207302,77870001792907715,48500001430511475,79679999351501465,0,99350004196167,-39500001072883606,7875,4603649.0,5961999893188477.0,3869999945163727.0,8057000160217285.0,2692263.8568826746,1.7382641682143604e+16,1.4217243173297988e+16,1.2123571269257096e+16,down
6763164560632.362,2.9312183230223733e+32,2.74769986215695e+32,1.547667473093425e+32,4444899.725663717,1.318193804690276e+16,-1801150395740977.8,9857952234808572.0,-1.2000002360253874,3.0802500882221473,1.0324455995936495,16.160204297032582,-2.0670875818043625e-07,1.9430054351597486,-0.10053732868303925,3.975803230381238,8889799,77769999504089355,49900001287460327,72179999351501465,0,3375,-48899999260902405,85,4444900.0,5578999996185303.0,-2322999954223633.0,8095000267028809.0,2600608.4981466094,1.712080115830557e+16,1.6576187324463216e+16,1.2440528417609218e+16,down
5733070605431.785,2.4752717280099056e+32,2.9222815492859105e+32,2.005259011157336e+32,4087711.519230769,1.2294680774785096e+16,-3968451902915079.0,1.1414078798660864e+16,-1.199999948645262,4.014582452182431,1.8091558882610776,13.308883880016976,-2.066788194117506e-07,2.130882445721956,-0.9793380398785899,3.666398265176354,8175422,68460001945495605,36800000071525574,76519999504089355,0,35,-57999998331069946,511299991607666,4087711.5,5722499847412110.0,-1156000018119812.0,8277999877929688.0,2394383.136724736,1.5732996307156198e+16,1.7094682065735854e+16,1.4160716829162766e+16,down
4688311482657.025,2.719552476913196e+32,2.5103384757700513e+32,2.439851083228571e+32,3690848.085106383,1.4700366057106794e+16,-1065074475125435.2,1.1713576566919366e+16,-1.199999990781749,2.489109185529992,1.203191482025574,10.752906841657945,-2.688607704259861e-07,1.562413230387525,-0.10543957198864687,3.3662215279902297,7381695,76620001792907715,42500001192092896,78480000495910645,0,-6570000052452087,-47699999809265137,647599983215332,3690848.5,5936999857425690.0,-1206499993801117.0,8531000137329102.0,2165250.905243322,1.6491065693014494e+16,1.584404770180288e+16,1.562002267357052e+16,down
2379494719122.6655,1.659656167482649e+32,3.718491917707534e+32,1.79721575662001e+32,2656906.427509294,9021885491281654.0,-4476766179524173.0,7097706386169982.0,-1.2000170040042517,2.8505202648296177,4.2045518419023225,8.116216748163572,3.0337092451250263e-05,1.5760171715616664,-0.2573666303177494,-0.04029788700665741,5313848,50920000076293945,78979997634887695,72779998779296875,0,-25280001163482666,-79039998054504395,-53979997634887695,2656871.0,4934000015258789.0,-4203999996185303.0,8571000099182129.0,1542561.090888353,1.2882764328678256e+16,1.9283391604454684e+16,1.3406027586947634e+16,run
2684017580690.5034,2.5687517286918482e+32,4.356714386066303e+32,1.7564168675736796e+32,2778151.8028169014,1.2581266333603632e+16,-1354378896741801.0,6606945067056613.0,-1.2000000301330278,-0.9495276672287005,1.2914169853149753,9.994559751123205,-3.7084659950427965e-07,0.03971689681443887,0.07227915692096279,1.551533062880351,5556303,39860000610351562,54710001945495605,73379998207092285,0,-25369999408721924,-58420000076293945,-35199999809265137,2778152.0,5236000061035156.0,-3078000068664551.0,7966000080108643.0,1638297.1588483278,1.6027325817777114e+16,2.0872743916568092e+16,1.3252987842647708e+16,run
8966948516285.79,2.401555038456481e+32,2.6915807772137526e+32,6.971132570860505e+31,3304122.74025974,9254660595289044.0,4368158875450943.0,8970710974103450.0,0.20076456875603377,1.0929983199806559,0.7471173861182794,4.977457654693271,1.1643579911940867,0.3626258885433021,-0.25439833511862264,0.8976769853449651,10766266,51620001792907715,54999999701976776,54720001220703125,0,-39800000190734863,-45500001311302185,-17070000171661377,2280261.0,4427000045776367.0,4749999940395355.0,8935999870300293.0,2994486.352663139,1.5496951437158474e+16,1.6406037843470168e+16,8349330853943030.0,run
3313451194202.753,2.4134456080994464e+32,2.7048028936579885e+32,2.2752755559842832e+32,3093364.1265822784,1.6774716582479356e+16,424493627052143.56,8311960599875150.0,-1.2000070028512795,-1.3786830448161649,0.6860113356496371,11.651683463164101,1.7619703661101367e-05,0.3645319081647639,-0.3420153318540152,-0.37514645223155113,6186801,42779998779296875,39189999103546143,79629998207092285,0,-15499999523162842,-45100000500679016,-54070000648498535,3093353.0,9490000009536744.0,1289999932050705.0,9291999816894532.0,1820288.766707841,1.5535268288959308e+16,1.6446284971561172e+16,1.5084016560532818e+16,run
2680006719708.9697,3.403081355954466e+32,3.343109155834357e+32,1.3005878058392664e+32,2776074.3380281692,1.0012336517471726e+16,2554243737522106.5,5537869069823917.0,-1.2000064395706944,0.5380336835504247,1.3211392415003553,4.62415988926284,4.320175902940136e-06,0.5897540799824164,0.5872186705440477,-0.5384601193711195,5552157,55229997634887695,60269999504089355,39200000762939453,0,-38540000915527344,-36899998784065247,-33550000190734863,2776065.0,4632999897003174.0,1770000010728836.0,8246000289916992.0,1637072.6067309813,1.8447442521808996e+16,1.8284171175731092e+16,1.140433165880082e+16,run
2459895249987.6045,2.958128945504146e+32,4.187903970310832e+32,9.809637565871904e+31,2657150.3529411764,1.338202941593004e+16,831132521962418.1,6395363086080692.0,-1.1999855030648923,-0.5649835118184474,0.4164709742412782,2.4604218861421625,7.2738253013100665e-06,0.45087048359488463,0.07821540129534654,-0.4735167238371645,5314304,51020002365112305,53520002365112305,35999998450279236,0,-19499999284744263,-48399999737739563,-22269999980926514,2657159.5,5429999828338623.0,854500025510788.0,8598000049591064.0,1568405.320696026,1.7199212032834952e+16,2.0464368962445024e+16,9904361446288148.0,run
2832532245029.536,1.9909589251489018e+32,3.2785651132985485e+32,2.0460203647911105e+32,2855612.821917808,1.1194658963974208e+16,-81386314454959.23,8830651840445133.0,-1.2000105114895594,-0.2741207285033975,0.7760967148256399,7.834423568372552,4.81631711396665e-07,0.810958412331153,-0.2482715089149486,1.5492631931391763,5711261,39760000705718994,43700000643730164,73379998207092285,0,-11790000200271606,-49120001792907715,-39749999046325684,2855627.0,4502999782562256.0,843999981880188.0,8815999984741211.0,1683012.8475533205,1.4110134390390836e+16,1.8106808424729492e+16,1.430391682299331e+16,run
2910233155854.063,2.2495625012457256e+32,2.490570937438592e+32,1.270473204761572e+32,2895319.7837837837,9365082463541592.0,6180967535199345.0,7914412181764035.0,-1.1999962319126491,-0.08347343972526522,1.9245200292634554,10.610509731951803,3.691329298547722e-05,0.3153483842224924,-0.10864978871781915,1.3885136201948112,5790720,44120001792907715,52000001072883606,65329999923706055,0,-27170000076293945,-38600000739097595,-31299999356269836,2895289.5,4500999927520752.0,4694999903440476.0,8736999988555908.0,1705940.54874549,1.4998541599921392e+16,1.5781542818871012e+16,1.1271526980678226e+16,run
2680949870448.4136,3.065086542721969e+32,3.0119551908264962e+32,2.0274938790400017e+32,2776537.9859154928,1.1997183104887906e+16,-254225365397795.88,7466443717446126.0,-1.2000126696723346,2.2574975052299324,2.152119838620658,12.668158543560462,4.945790898929646e-06,1.6225804689319048,-0.621167955627692,1.134602553794523,5553100,64670000076293945,48460001945495605,79730000495910645,0,-15549999475479126,-54079999923706055,-51529998779296875,2776534.0,4679999828338623.0,2939999997615814.0,7815000057220459.0,1637360.6415351548,1.7507388562324104e+16,1.7354985424443594e+16,1.4239009372284302e+16,run
1858666995446.7249,2.8763683715796936e+32,3.1869442550025752e+32,9.324966942542912e+31,2301907.3898305083,1.0565308566214682e+16,7428603490075824.0,7983784733788442.0,-1.1999998548284043,4.561367863194562,0.8748977230101711,4.987656422434874,-4.892208745103836e-07,1.7271813465476462,0.04090128858512029,-1.3134260613884408,4603814,77270002365112305,52000001072883606,30819000244140625,0,-24010000228881836,-37219998836517334,-30190000534057617,2301908.0,4702000141143799.0,4948999881744385.0,8725000381469727.0,1363329.3789274567,1.6959859585443782e+16,1.7852014606207824e+16,9656586841396350.0,run
4395616053635.8545,2.6214610267996417e+32,3.1806378274382793e+32,1.5399130421395138e+32,3571893.89010989,1.8549148342111664e+16,1828769226445929.5,9803434606489260.0,-1.199999982577079,-1.8678628645077597,2.3235120474062945,22.866697926950067,-6.135354161057413e-07,0.2285815635808746,-0.3089964445862049,4.6841501197447695,7143786,42829999923706055,54999999701976776,77210001945495605,0,5375,-57999998331069946,975,3571895.0,6309000015258789.0,3869999945163727.0,9170000076293944.0,2096572.4537052982,1.619092655409085e+16,1.7834342789792618e+16,1.240932327784039e+16,sit
1858566613400.0115,1.8746650644168047e+32,4.1496505421621784e+32,1.2537549332068226e+31,2301844.4576271186,1.0331881436655156e+16,9239322072494838.0,7297749189279847.0,-1.2000000732650533,2.214579418367802,2.423240551219982,0.36131310481932966,-4.771196551702429e-07,1.9224627706909587,-0.6741978716569689,-0.9915424533236935,4603689,46519999504089355,47099998593330383,15746999740600586,0,4625,-57999998331069946,90,2301845.0,4400000095367432.0,5619999766349792.0,8847000122070312.0,1363292.5633920298,1.3691840871178736e+16,2.037069105887716e+16,3540840201430760.0,sit
2759590608855.0986,1.3069696646877146e+32,2.9794419670934985e+32,7.610521612786582e+31,2817821.5,8197131917874020.0,8681888910113936.0,7801681926515490.0,-1.2000005626567567,5.5692453488242135,1.2405912437466728,49.76138106310347,-5.172719719541763e-08,2.5162784251831907,0.8637675044441933,6.394596531389017,5635644,49770002365112305,52000001072883606,74629998207092285,0,249399995803833,-31200000643730164,9125,2817821.5,5030999898910522.0,5419999957084656.0,8595000267028808.0,1661201.555758692,1.1432277396423316e+16,1.726106012704173e+16,8723830358728087.0,sit
4205524208888.734,2.716467869421847e+32,2.6215928046832937e+32,1.1783322228588253e+32,3492505.7528089886,1.3043218015820866e+16,1400179682613416.8,8860520775719973.0,-1.1999998401603977,0.43570671095001634,1.3724647057408528,34.57493318911938,-1.4070937909698264e-07,1.4283819594684617,0.037931862246345795,5.650020060329888,6985012,62129998207092285,47099998593330383,78429999351501465,0,6125,-37400001287460327,83100004196167,3492506.0,5138000011444092.0,3720000088214874.0,8609999656677246.0,2050737.4792714776,1.6481710680089754e+16,1.619133349876808e+16,1.0855101210301198e+16,sit
2913954661458.6357,2.210607042186538e+32,1.990382866035455e+32,1.0008479023573216e+31,2897197.527027027,1.1096090636060046e+16,5384716268628835.0,7476612898981251.0,-1.2000002564505032,2.2226284977947253,4.972273754899925,0.8725685603310875,1.350096937451658e-06,1.9049921883095005,-0.2707047017794995,-1.5572481574284398,5794398,53460001945495605,49900001287460327,11960000038146973,0,410099983215332,-50999999046325684,84350004196167,2897196.5,5244500160217285.0,5975000075995922.0,8612499713897705.0,1707030.9491800773,1.4868110310952558e+16,1.410809294708344e+16,3163618027444719.0,sit
1985680094340.0793,2.033399067959698e+32,1.5168391753903487e+32,6.122564560413385e+30,2381255.770491803,1.1143603176367092e+16,7502360719759934.0,8361786910823134.0,-1.199999801070497,1.0018982733187745,4.961649514523856,6.289247656050762,-1.3799218768988987e-06,1.6316768843956582,0.12436064350064355,-2.5536353335149604,4762509,48480000495910645,45100000500679016,12439000129699707,0,410099983215332,-39000000804662704,90600004196167,2381257.0,4755000114440918.0,7390000224113464.0,8871000289916992.0,1409141.6161408615,1.4259730249761732e+16,1.231600249833666e+16,2474381652133192.0,sit
2463446534838.564,1.2379513103846123e+32,1.863193908871265e+32,8.672105342912487e+31,2659060.132352941,8500101414498159.0,1.1799544205122136e+16,8626082359061922.0,-1.1999997667760876,4.093488544054152,1.8583372039546768,50.308574907885664,-8.160019612714261e-07,2.3329913802199913,1.571586992926943,6.522342625540272,5318119,43979997634887695,52000001072883606,79029998779296875,0,263700008392334,-16099999845027924,9125,2659060.5,4511500120162964.0,6815000176429748.0,8943999767303467.0,1569537.0447487258,1.1126326035060326e+16,1.3649886112606452e+16,9312413942105714.0,sit
1083779186536.9502,1.9876263500280023e+32,2.4287674046229484e+32,3.965915062842515e+31,1277535.17,9662044024944312.0,1.0706400009989744e+16,8327363987922665.0,-0.1775600691084569,4.031028144421972,1.8313959331598872,62.839782212403996,0.9426159552508964,2.3657332950484404,0.9795853434770895,6.920810789811596,3809979,52170000076293945,48500001430511475,64019999504089355,0,525,-39800000190734863,785099983215332,982262.5,5115000009536743.0,5400000214576721.0,8642999649047852.0,1041047.1586517828,1.4098320290119678e+16,1.5584503215126712e+16,6297551161239196.0,sit
1675885427801.1257,2.4321674278657747e+32,1.3577799401469258e+32,6.93619309898338e+30,2182800.535714286,1.414871605975291e+16,1.042666074606989e+16,8614872355972017.0,-1.2000002315349079,-0.6612128796760484,1.191252581034096,6.172556868727459,-6.550947725635964e-07,1.0279706221384592,1.3983133898573434,-1.601676226845207,4365600,49629998207092285,46299999952316284,16295000076293945,0,2125,-6700000166893005,90600004196167,2182801.0,4654000043869018.0,5425000190734864.0,9062000274658204.0,1294559.9359632314,1.5595407746723952e+16,1.1652381473960272e+16,2633665335418185.0,sit
778081075829.594,1.3480934379974856e+32,1.1075362491070622e+32,1.2285468102598997e+32,1468422.0263157894,8935952623267064.0,1.019592106107034e+16,9068339382974724.0,-1.199999893181729,3.1524995389186534,3.086723014846082,31.39828973358809,-4.478124477460043e-07,2.0447922828152523,1.6841316262591348,5.3296534780326414,2936843,44770002365112305,46299999952316284,72729997634887695,0,40,-4800000041723251,842300033569336,1468422.0,4486499786376953.0,7039999961853028.0,8685500144958496.0,882089.0407603951,1.1610742603285484e+16,1.0523954813220466e+16,1.108398308488379e+16,sit
7248291253480.462,3.0753969324324575e+32,1.732063733691459e+32,1.7753994938804503e+32,4603652.615384615,1.6328650412956866e+16,6326034245901126.0,1.0637348711877804e+16,-1.2000001736073052,-0.1449671000444548,1.9012354191997805,16.431450640271088,-5.697888618964657e-07,1.0628720202370632,0.594422087555878,4.054600406869661,9207303,61529998779296875,49900001287460327,74120001792907715,0,336299991607666,-28299999237060547,65,4603653.0,5343999862670898.0,5419999957084656.0,8265000343322754.0,2692265.078605831,1.753680966547923e+16,1.3160789238079374e+16,1.3324411783941722e+16,up
8804341388170.475,3.1525187834034286e+32,2.245902924746927e+32,1.17772537985712e+32,5079869.15503876,1.6380897652456e+16,3198945750850578.0,9623272512495054.0,-1.2000000183703619,0.42924247724647646,2.1734283996909105,32.95729997743322,-9.95702489512758e-08,1.2010757800516376,0.3595060910131238,5.54915788905619,10159738,68979997634887695,54999999701976776,78979997634887695,0,351200008392334,-37599998712539673,84399995803833,5079869.0,5432000160217285.0,3840000033378601.0,8626999855041504.0,2967211.045438203,1.7755333799744314e+16,1.4986336859776398e+16,1.0852305652980476e+16,up
6644495727188.04,2.1191662843829707e+32,3.811308768989725e+32,7.504998029041045e+31,4405205.553571428,1.3053766075388662e+16,-1603571368141894.5,9035347290124216.0,-1.1999996986762431,2.713638804751618,1.1708293290209406,37.307126664295915,1.2713557527574395e-06,1.6021854842514585,-0.21511661299674437,5.615650030131881,8810416,70920000076293945,49900001287460327,67870001792907715,0,-9829999804496765,-57999998331069946,572599983215332,4405204.0,5641000092029572.0,-1296999990940094.0,8342000007629394.0,2577691.937991823,1.4557356505846008e+16,1.952257352141291e+16,8663139170670782.0,up
7878293224022.944,2.025481232996472e+32,2.124358735961989e+32,1.8003155005529406e+32,4802083.762295082,1.1230671321906056e+16,1711803256427138.5,1.0572131992089942e+16,-1.1999998209961555,2.059298231129006,1.7677130825258374,18.064967632258686,-4.328716775552735e-07,1.4517002920050606,-0.3321089517874835,4.222269422747463,9604165,63520002365112305,46799999475479126,78460001945495605,0,-20169999599456787,-49399998784065247,103100004196167,4802084.5,5168999910354614.0,3240000009536743.0,8486499786376953.0,2806829.7461768044,1.4231940250705354e+16,1.4575180053645954e+16,1.3417583614619066e+16,up
8804370751226.215,1.4378276238781073e+32,2.424522054805397e+32,2.1219262993758914e+32,5079877.689922481,1.0168201568976854e+16,2712216310630473.5,1.0937216313162518e+16,-1.2000000341288475,0.8106962859768552,2.0961719312373046,14.929982710691855,-2.894517348944487e-07,1.2297720981261078,-0.689827643943529,3.9097372713923377,10159754,51620001792907715,41100001335144043,79079999923706055,0,-15700000524520874,-57999998331069946,90,5079878.0,5113999843597412.0,3319999873638153.0,8713000297546387.0,2967215.993355761,1.1990945016461828e+16,1.5570876837241368e+16,1.4566833215822482e+16,up
7407432692286.358,2.0968104909960304e+32,2.7426998782604786e+32,8.063081859799057e+31,3712422.8818897638,1.0988137715303986e+16,3802952017418043.5,9234689821859040.0,-1.3080588921091447,2.5894525511558824,2.513575869828794,29.43083966462964,0.17293404067663637,1.9072728394410152,-0.0761869029501379,5.127673879896416,8572320,61529998779296875,49900001287460327,64730000495910645,0,-8500000089406967,-57999998331069946,83100004196167,3571802.0,5290999889373779.0,2680000066757202.0,8366000175476074.0,2721659.9148839954,1.448036771285878e+16,1.6561098629802548e+16,8979466498517079.0,up
6644504822204.097,2.1029263488428176e+32,1.9639434799979463e+32,2.1242399203631273e+32,4405211.044642857,1.1765291963730542e+16,1895508946950680.2,1.1231578589337314e+16,-1.1999999560813261,2.3363202775713834,1.3268974961706723,11.119246326498661,-2.559411123600442e-07,1.7847663567002012,0.34301029426195356,3.423892060914172,8810421,65960001945495605,46299999952316284,79679999351501465,0,20,-41200000047683716,11125,4405211.5,5194499969482422.0,1499500036239624.0,8372499942779541.0,2577693.70216946,1.4501470093900196e+16,1.4014076780144836e+16,1.457477245229965e+16,up
6294838054866.494,2.7423852625613045e+32,2.5570974526551762e+32,1.4577828314391788e+32,4286146.770642201,1.5593857834754744e+16,6219771586208169.0,1.0547083870249124e+16,-1.2000000563803666,1.3451064694506427,0.8669146155259995,21.854953184139767,6.560480219652399e-08,1.4211053427381755,0.08279132722650558,4.588814881130756,8572294,74730000495910645,45899999141693115,76539998054504395,0,475,-39100000262260437,7875,4286147.0,5954999923706055.0,6199999898672104.0,8630999565124512.0,2508951.584799215,1.6560148738949492e+16,1.599092696704971e+16,1.207386777896453e+16,up
4598836663342.524,2.0439119472079425e+32,2.3781751729870508e+32,1.5096938077739253e+32,3580081.3401639345,1.4629632380165102e+16,3965479556165755.5,9969704505498392.0,-0.0149800361464405,0.35752832109317234,1.8644737325016365,18.970202487333342,0.8268421939742187,1.0469051090459118,-0.31797450264432087,4.300662613205788,9048536,64019999504089355,49900001287460327,75920000076293945,0,15,-57999998331069946,11625,3184840.0,5883499860763550.0,5579999983310700.0,8502999782562256.0,2144489.8375470387,1.4296544852543716e+16,1.542133318811007e+16,1.2286959785780718e+16,up
8137613698835.149,2.9328374447655042e+32,1.7642973289226767e+32,1.7403737153937535e+32,4881444.854838709,1.5013629820462198e+16,2465870929581503.5,1.035653512539409e+16,-1.19999943041975,1.3156632456684418,3.6392526525328623,17.779600675951436,5.364015903331669e-07,1.4454859586767432,-1.0440744222164078,4.1817355772172435,9762893,71539998054504395,35999998450279236,76519999504089355,0,40,-54999999701976776,65,4881444.5,5368999958038330.0,4514999985694885.0,8633500099182129.0,2852650.293820669,1.7125529027640298e+16,1.3282685454841866e+16,1.319232244676332e+16,up
12505717591235.238,3.293223461033743e+32,2.639838899135173e+32,2.0191675100125726e+32,6065630.188311689,1.5674561668216416e+16,651974008454907.4,1.0714505182984588e+16,-1.2000007522115121,0.8423072038055994,1.1828930279623426,14.476058973196814,2.341009902958221e-05,1.3809721346485067,-0.18789895738343598,3.850495343346847,12131354,75229997634887695,52000001072883606,78429999351501465,0,275,-47699999809265137,116899995803833,6065595.5,5862500190734863.0,1780500009655952.5,8683000087738037.0,3536342.402997091,1.8147240729746612e+16,1.6247581048067348e+16,1.4209741412188234e+16,walk
35356508082538.69,2.1847725821792086e+32,2.3029712880694775e+32,8.325729216595483e+31,10239488.393822394,1.375489537890815e+16,-5147637430322456.0,8586089735841202.0,-1.2000001371585303,0.18846510020775575,2.4548302285618426,46.05098006593178,1.0055273547055506e-06,1.212922014859733,-0.2905276463924636,6.355892092666065,20478986,57729997634887695,48500001430511475,78979997634887695,0,475,-57999998331069946,91850004196167,10239486.0,5460999965667725.0,-5389999747276306.0,8812999725341797.0,5946133.876943799,1.478097622682348e+16,1.517554377302335e+16,9124543394929678.0,walk
19218661479669.953,3.277371008879785e+32,2.5321293488736032e+32,1.0899908550397273e+32,7533606.167539267,1.3552414721281734e+16,-648404195639475.9,8779294515080519.0,-1.2000108816421406,1.6752288436652707,2.153380349722231,35.254698361864044,3.290740048772913e-05,1.7609640876482229,-0.8458939037461674,5.687736185747987,15067361,68429999351501465,47099998593330383,79730000495910645,0,436899995803833,-57999998331069946,8375,7533530.0,5364999771118164.0,335999995470047.0,8342000007629395.0,4383909.383149925,1.8103510733776984e+16,1.5912665863624496e+16,1.0440262712402056e+16,walk
24796489184788.93,2.1285192834372567e+32,3.2190452391515793e+32,7.211833938931138e+31,8565396.58986175,1.362980642802155e+16,1790928548478310.0,8942385046734789.0,-1.2000076201619643,-0.4197971416699535,1.104477593494197,51.154100525613885,1.704351541749513e-05,0.9927574199379972,-0.24895006067084072,6.614472542794636,17130974,55879998207092285,47999998927116394,79730000495910645,0,35,-57999998331069946,90,8565396.0,4589000225067139.0,2460000067949295.0,8991000175476074.0,4979607.332389667,1.4589445786037442e+16,1.7941697910598036e+16,8492251726680703.0,walk
30572090909723.598,2.2542336585092394e+32,2.5250043937363488e+32,4.629737291829294e+31,9517507.261410788,1.3722378414399408e+16,731834062093023.4,8238338980575817.0,-1.1999959086869536,-0.6996784364589534,2.237651042635534,65.12792906892393,-2.5501288961842066e-05,0.9534876040844679,-0.28628329335408276,6.842676087259578,19034793,55929999351501465,54999999701976776,73379998207092285,0,35,-57999998331069946,85,9517598.0,4539000034332275.0,1281999945640564.0,8861000061035156.0,5529203.460691567,1.5014105562800734e+16,1.5890262407324646e+16,6804217289173895.0,walk
30570659307144.867,2.4046810292048693e+32,2.5199830248957483e+32,3.360724681171884e+31,9517131.460580913,1.4400520773943044e+16,-824825288213139.5,7836286547965539.0,-1.2000067075462928,-0.03450510993827516,1.9061495109351991,97.93675504479963,4.944541354767085e-06,1.0874026382407485,-0.3222329961445016,7.621567096850053,19034377,67230000495910645,49900001287460327,79629998207092285,0,4125,-54999999701976776,90,9517123.0,4785999774932861.0,-161899995803833.0,9067000389099120.0,5529074.000874366,1.5507033982051078e+16,1.587445439974473e+16,5797175761672130.0,walk
31131675987297.37,1.998380030884864e+32,1.5149882012826041e+32,2.585409598292884e+31,9604595.341563785,1.3540644828135142e+16,-7314920123822900.0,8154449830114181.0,-1.2000014028752466,-0.8885950226265003,4.390762162595086,84.68765171529563,7.575235303959866e-08,0.8813086818161711,-0.08728424933552416,6.676405505474278,19209187,50229997634887695,41499999165534973,69019999504089355,0,2875,-49399998784065247,8375,9604594.0,4815000057220459.0,-7860000133514404.0,9010000228881836.0,5579576.685313803,1.4136407007740206e+16,1.2308485695984718e+16,5084692319396410.0,walk
29367570861747.07,1.8414681464181627e+32,2.4010982782328158e+32,3.441708048897562e+31,9326791.584745763,1.4815103372615764e+16,-3373317784408768.5,7990627314074696.0,-1.1999999249898816,-0.4880943293896207,1.860874302802877,84.95214347242772,4.694297231808137e-07,0.6860879204086966,-0.1245054819793967,6.867830404690675,18653586,60960001945495605,44699999690055847,77789998054504395,0,-4899999871850014,-49799999594688416,9625,9326789.5,6665000021457672.0,-4109999984502792.5,9008500099182128.0,5419185.442642379,1.3570070546677946e+16,1.5495477657151508e+16,5866607238342756.0,walk
34458676131234.74,2.3600116383157967e+32,2.8250789008274023e+32,1.0148026640586788e+32,11432903.92476489,1.1761450788145168e+16,1520219116982621.8,8684229931876232.0,-1.232581975109322,1.3926689118252091,0.9441279358242061,39.11904892849335,-0.42852115944565483,1.7035129603484656,0.35054228973646884,5.978206480579331,18554274,64720001220703125,54999999701976776,79730000495910645,0,35,-48899999260902405,975,12620877.0,5139999866485596.0,-430000014603138.0,8604999542236328.0,5870151.286912011,1.5362329375181996e+16,1.6807971028138412e+16,1.0073741430365774e+16,walk
25985329293718.848,2.3811147646282747e+32,1.6127589979481544e+32,7.30383919463926e+31,8331677.1455026455,1.336282753868709e+16,-7006092347423479.0,8700237704408232.0,-0.6530274023156166,0.641165169669168,4.948173803395627,53.70345940594456,0.6591893881589163,1.326901223361118,0.026470373387096725,6.828718717231531,19645613,77220001220703125,47099998593330383,79629998207092285,0,40,-57999998331069946,85,6558471.0,4734499931335449.0,-7590000033378601.0,8853000164031982.0,5097580.729495007,1.5430861170486482e+16,1.2699444861678618e+16,8546250168722690.0,walk
